ID,DATE,TIME,TIME_OF_DAY,NETWORK,HEADLINE,SENTIMENT_LABEL,SENTIMENT_SCORE,EMOTION_SADNESS,EMOTION_FEAR,EMOTION_ANGER,EMOTION_DISGUST,EMOTION_JOY,PUTIN,TRUMP,TRUDEAU
0,2017-07-20,14:00:01,Day,RT,‘It takes 2 to tango’: Germany threatens Turkey with major policy overhaul                                                                     ,negative,-0.358041,0.068436,0.267773,0.132166,0.054634,0.018692,0,0,0
1,2017-07-20,14:00:01,Day,RT,Trump to end lavish CIA support for ‘moderate’ anti-Assad forces in Syria – reports                                                                    ,neutral,0.0,0.42641,0.123981,0.200277,0.393306,0.010359,0,1,0
2,2017-07-20,14:00:01,Day,RT,Iraq to buy ‘large batch’ of advanced Russian T-90 tanks – Kremlin                                                                     ,positive,0.730448,0.082644,0.194407,0.054655,0.06623,0.068197,0,0,0
3,2017-07-20,14:00:01,Day,RT,‘Threat to rule of law’: EU may strip Poland of voting rights over judicial reforms                                                                    ,neutral,0.0,0.140733,0.464259,0.150557,0.415138,0.023603,0,0,0
4,2017-07-20,14:00:01,Day,RT,Size matters? Framing of Macron’s extra-large official portrait 'could cost 2.7mn'                                                                     ,positive,0.864778,0.060318,0.029818,0.108794,0.048888,0.234951,0,0,0
5,2017-07-20,14:00:01,Day,WT,Majority of Americans want a bipartisan health care bill passed: Poll,neutral,0.0,0.239564,0.009214,0.06462,0.244857,0.043717,0,0,0
6,2017-07-20,14:00:01,Day,WT,John McCain diagnosed with brain cancer,negative,-0.743345,0.700574,0.184545,0.058367,0.148083,0.004968,0,0,0
7,2017-07-20,14:00:01,Day,WT,"Trump Jr., Manafort, Kushner to testify before lawmakers next week",negative,-0.355524,0.02682,0.115682,0.041353,0.096366,0.126898,0,0,0
8,2017-07-20,14:00:01,Day,WT,Trump: Sessions should have told me about recusal; ‘I would have picked somebody else’,negative,-0.480217,0.292399,0.13593,0.362904,0.165145,0.059541,0,1,0
9,2017-07-20,14:00:01,Day,WT,Wyoming Gov. Matt Mead says he’ll return to private life when his term ends,neutral,0.0,0.620261,0.058298,0.058875,0.260953,0.09583,0,0,0
10,2017-07-20,14:00:01,Day,CBC,Midweek podcast: Morneau closing the loop and B.C. (finally) gets a premier,neutral,0.0,0.265203,0.025937,0.024462,0.002251,0.657765,0,0,0
11,2017-07-20,14:00:01,Day,CBC,Deadline for decision on Canada Post home delivery missed as Liberals ponder way forward,negative,-0.817591,0.396236,0.191533,0.103462,0.073092,0.020691,0,0,0
12,2017-07-20,14:00:01,Day,CBC,Trudeau's silence on Payette's expunged assault charge shows double standard: Robyn Urback,negative,-0.587314,0.240185,0.105088,0.157111,0.652615,0.008499,0,0,1
13,2017-07-20,14:00:01,Day,CBC,"Andrew Scheer to name Lisa Raitt deputy leader, announce 'gender diverse' House leadership team Thursday",neutral,0.0,0.050262,0.083626,0.08048,0.080787,0.156196,0,0,0
14,2017-07-20,14:00:01,Day,CBC,Premiers ask for pot legalization delay if federal government can't resolve key concerns,negative,-0.765299,0.310686,0.086028,0.230979,0.076616,0.003508,0,0,0
15,2017-07-20,14:00:01,Day,CBC,NAFTA talks: Trump administration announces Aug. 16 start date in D.C.,neutral,0.0,0.236808,0.073528,0.102368,0.103356,0.185719,0,1,0
16,2017-07-20,14:00:01,Day,CBC,Governor General breaches royal protocol by touching Queen to avoid her stumbling on 'slippy' carpet,negative,-0.320181,0.135094,0.195234,0.10503,0.206361,0.104352,0,0,0
17,2017-07-20,14:00:01,Day,CBC,"Watch Power & Politics for July 19, 2017",neutral,0.0,0.501142,0.044394,0.112832,0.1756,0.145223,0,0,0
18,2017-07-20,14:00:01,Day,CBC,Health trouble brought on by mould exposure ends sailor's career,neutral,0.0,0.180829,0.139996,0.181365,0.086777,0.425415,0,0,0
19,2017-07-20,14:00:01,Day,CBC,Ottawa hires consultants to advise on airport sell-offs,neutral,0.0,0.033459,0.040474,0.111738,0.055638,0.009949,0,0,0
20,2017-07-20,14:00:01,Day,CBC,"Government inaction to blame for unequal access to criminal pardons, lawyers claim",negative,-0.915273,0.285406,0.04427,0.323019,0.543489,0.001586,0,0,0
21,2017-07-20,14:00:01,Day,CBC,Buzz kill? Brian Pallister pushes premiers to delay legalization of pot by 1 year,negative,-0.662332,0.603546,0.06455,0.391388,0.123602,0.004173,0,0,0
22,2017-07-20,14:00:01,Day,CBC,Finance Minister Bill Morneau proposes tax changes to close loopholes for wealthy,neutral,0.0,0.194673,0.06383,0.107971,0.136226,0.088282,0,0,0
23,2017-07-20,14:00:01,Day,CBC,"Watch Power & Politics for July 18, 2017",positive,0.596036,0.501142,0.044394,0.112832,0.1756,0.145223,0,0,0
24,2017-07-20,14:00:01,Day,CBC,Measures protecting Canadian dairy industry under fire at U.S. NAFTA hearing,neutral,0.0,0.165238,0.06392,0.128252,0.355582,0.132746,0,0,0
25,2017-07-20,14:00:01,Day,CBC,Canadian retailers worry as Trump eyes duty-free threshold increase in NAFTA talks,neutral,0.0,0.107254,0.747533,0.078398,0.118187,0.025007,0,1,0
26,2017-07-21,14:00:01,Day,RT,Chinese military vessels enter Russia’s Baltic for 1st time as joint drills kick off                                                                    ,neutral,0.0,0.402109,0.26673,0.104371,0.239683,0.115393,0,0,0
27,2017-07-21,14:00:01,Day,RT,‘Russians find any place they can make our lives more difficult’ – CIA chief                                                                    ,negative,-0.299021,0.246222,0.473805,0.104977,0.081092,0.273964,0,0,0
28,2017-07-21,14:00:01,Day,RT,ISIS command helped Philippine militants seize Marawi through funding & recruits – report                                                                    ,neutral,0.0,0.100865,0.156558,0.227391,0.041312,0.073645,0,0,0
29,2017-07-21,14:00:01,Day,RT,"US ‘global strike’ concept a direct threat, nuclear arms are good deterrent – Russian naval doctrine                                                                    ",neutral,0.0,0.087418,0.910162,0.056964,0.049919,0.035825,0,0,0
30,2017-07-21,14:00:01,Day,RT,Palestinian teen shot dead as protests rage in Jerusalem – reports                                                                    ,negative,-0.765126,0.167275,0.100927,0.814537,0.182463,0.004036,0,0,0
31,2017-07-21,14:00:01,Day,WT,Kellyanne Conway: It’s time for Congress to ‘do its job’ on health care,positive,0.696643,0.224614,0.038903,0.107245,0.059624,0.483579,0,0,0
32,2017-07-21,14:00:01,Day,WT,"Sergey Lavrov suggests there may have been more meetings between Trump, Putin: Report",neutral,0.0,0.125291,0.087039,0.04313,0.021783,0.170024,1,1,0
33,2017-07-21,14:00:01,Day,WT,Richard Blumenthal: Trump possibly obstructing justice with Mueller case,neutral,0.0,0.457075,0.019085,0.131793,0.078845,0.11107,0,1,0
34,2017-07-21,14:00:01,Day,WT,FBI relies on discredited dossier in Russia investigation,negative,-0.546289,0.235329,0.104714,0.157561,0.22847,0.073006,0,0,0
35,2017-07-21,14:00:01,Day,WT,White House says Trump still backs Sessions as attorney general,neutral,0.0,0.373336,0.293143,0.309915,0.102674,0.136073,0,1,0
36,2017-07-21,14:00:01,Day,WT,Anthony Scaramucci taking White House communications role: Reports,neutral,0.0,0.198166,0.076314,0.063799,0.090989,0.0386,0,0,0
37,2017-07-21,14:00:01,Day,WT,"With longer odds, Senate Republicans forge ahead with Obamacare repeal plans",negative,-0.352135,0.224379,0.055865,0.2863,0.469749,0.040697,0,0,0
38,2017-07-21,14:00:01,Day,WT,"Senate confirms John Bush, Trump’s 6th Circuit Court pick",neutral,0.0,0.157872,0.199725,0.0578,0.271914,0.087972,0,1,0
39,2017-07-21,14:00:01,Day,WT,John McCain tweets he’ll ‘be back soon’ to Senate after brain cancer diagnosis ,negative,-0.637716,0.450867,0.375366,0.093305,0.327745,0.051454,0,0,0
40,2017-07-21,14:00:01,Day,WT,Broadcasters undermine Trump with an ‘Iron Curtain’ of hostile Russia news,negative,-0.640714,0.18063,0.359624,0.211557,0.145857,0.118387,0,1,0
41,2017-07-21,14:00:01,Day,WT,Trump supporters fear Mueller’s peek into business dealings will be fatal blow,negative,-0.714798,0.0777,0.867567,0.032919,0.12976,0.028334,0,1,0
42,2017-07-21,14:00:01,Day,WT,DeVos urges state legislators to take on foes of campus free speech,negative,-0.375059,0.21414,0.261204,0.197953,0.192077,0.091115,0,0,0
43,2017-07-21,14:00:01,Day,WT,"Trump axes 860 Obama regulations, 179 from ‘secret’ list",neutral,0.0,0.166335,0.059204,0.042006,0.040973,0.502597,0,1,0
44,2017-07-21,14:00:01,Day,WT,Steve King says firing Sessions would be a mistake for Trump ,negative,-0.345364,0.605094,0.111088,0.354835,0.094665,0.066135,0,1,0
45,2017-07-21,14:00:01,Day,WT,Trump remains mum on next step of Middle East war plan,neutral,0.0,0.283832,0.263555,0.269069,0.180999,0.069068,0,1,0
46,2017-07-21,14:00:01,Day,CBC,Judicial watchdog finds no problem with judges attending sponsored cocktail parties,neutral,0.0,0.265863,0.05113,0.163771,0.097352,0.340228,0,0,0
47,2017-07-21,14:00:01,Day,CBC,"Watch Power & Politics for July 20, 2017",positive,0.537161,0.340674,0.064217,0.124518,0.148697,0.198403,0,0,0
48,2017-07-21,14:00:01,Day,CBC,Progressive Conservatives begin voting on proposed unity merger with Wildrose,neutral,0.0,0.154442,0.167875,0.18708,0.294974,0.274371,0,0,0
49,2017-07-21,14:00:01,Day,CBC,The Pollcast: What the Wildrose-PC merger vote means for Alberta politics,neutral,0.0,0.274745,0.020316,0.231736,0.383589,0.090125,0,0,0
50,2017-07-21,14:00:01,Day,CBC,"Anger makes people more economically conservative, research suggests",negative,-0.544451,0.20598,0.253195,0.361163,0.225286,0.16026,0,0,0
51,2017-07-21,14:00:01,Day,CBC,"Supreme Court building to get $1B rehab in 2023, well after systems risk failure",neutral,0.0,0.362541,0.567314,0.038733,0.057308,0.072105,0,0,0
52,2017-07-21,14:00:01,Day,CBC,Ship that may have sunk admiral's career to be unveiled in Quebec,neutral,0.0,0.258821,0.211206,0.276297,0.149155,0.074223,0,0,0
53,2017-07-21,14:00:01,Day,CBC,Kelly Knight Craft promises as U.S. ambassador to further Canada relationship,neutral,0.0,0.318507,0.064629,0.042059,0.102993,0.421433,0,0,0
54,2017-07-21,14:00:01,Day,CBC,"Far-right Quebec group linked to vote against Muslim cemetery, says writer",neutral,0.0,0.138848,0.026485,0.270952,0.470773,0.279438,0,0,0
55,2017-07-21,14:00:01,Day,CBC,"Andrew Scheer names Lisa Raitt deputy leader, announces 'gender diverse' House leadership team",neutral,0.0,0.04182,0.067621,0.087095,0.155908,0.051563,0,0,0
56,2017-07-21,14:00:01,Day,CBC,Julie Payette's vetting for governor general questioned amid 'disquieting' revelations,neutral,0.0,0.396841,0.122191,0.053341,0.218727,0.178324,0,0,0
57,2017-07-21,14:00:01,Day,CBC,Canada's high court to hear B.C. appeal in battle against big tobacco,negative,-0.624822,0.339027,0.247459,0.167842,0.138141,0.069112,0,0,0
58,2017-07-21,14:00:01,Day,CBC,Midweek podcast: Morneau closing the loop and B.C. (finally) gets a premier,neutral,0.0,0.235282,0.021418,0.035052,0.003306,0.681425,0,0,0
59,2017-07-21,14:00:01,Day,CBC,Trump's 'influential' pick for ambassador to Canada faces Senate hearing,neutral,0.0,0.212179,0.141786,0.09575,0.412352,0.05467,0,1,0
60,2017-07-21,14:00:01,Day,CBC,Deadline for decision on Canada Post home delivery missed as Liberals ponder way forward,negative,-0.817591,0.508887,0.229576,0.124814,0.111426,0.040041,0,0,0
61,2017-07-21,14:00:01,Day,CBC,Trudeau's silence on Payette's expunged assault charge shows double standard: Robyn Urback,negative,-0.587314,0.222958,0.126404,0.322813,0.549017,0.02306,0,0,1
62,2017-07-22,14:00:00,Day,RT,"US contributed to ISIS creation, now tries to claim victory over it – Iraqi VP talks tough                                                                    ",neutral,0.0,0.431424,0.113792,0.127521,0.101452,0.013461,0,0,0
63,2017-07-22,14:00:00,Day,RT,Interpol fears ISIS trained 170+ bomb attackers for Europe – media                                                                    ,neutral,0.0,0.090575,0.835037,0.074165,0.281178,0.003863,0,0,0
64,2017-07-22,14:00:00,Day,RT,'Illegitimate coalition' must pay for destroying Syria – Damascus to UN                                                                    ,negative,-0.660032,0.251829,0.136185,0.645524,0.270273,0.003782,0,0,0
65,2017-07-22,14:00:00,Day,RT,"German media failed to objectively report refugee crisis, sided with govt agenda – study                                                                    ",negative,-0.670665,0.625245,0.154946,0.125173,0.426319,0.001104,0,0,0
66,2017-07-22,14:00:00,Day,RT,Polish Senate approves controversial Supreme Court reform bill                                                                    ,neutral,0.0,0.132773,0.116278,0.153334,0.196739,0.037165,0,0,0
67,2017-07-22,14:00:00,Day,WT,Senate ref flags key parts of GOP health bill plan,neutral,0.0,0.049776,0.049225,0.10195,0.072737,0.015093,0,0,0
68,2017-07-22,14:00:00,Day,WT,Sarah Huckabee Sanders promoted to White House press secretary,neutral,0.0,0.088791,0.190019,0.136287,0.497048,0.184213,0,0,0
69,2017-07-22,14:00:00,Day,WT,Anthony Scaramucci meets the press; Sarah Huckabee Sanders promoted,neutral,0.0,0.04726,0.090208,0.122957,0.465845,0.307358,0,0,0
70,2017-07-22,14:00:00,Day,WT,AFT’s Randi Weingarten blasts school-choice reforms as ‘polite cousins of segregation’,neutral,0.0,0.151137,0.06077,0.115003,0.090803,0.616011,0,0,0
71,2017-07-22,14:00:00,Day,WT,Trump’s new White House communications chief has voiced support for gun control,neutral,0.0,0.274591,0.390536,0.197685,0.113297,0.190278,0,1,0
72,2017-07-22,14:00:00,Day,WT,"Preet Bharara, ousted federal prosecutor, blasts Trump over Mueller probe reports",neutral,0.0,0.421521,0.029349,0.095337,0.057406,0.182893,0,1,0
73,2017-07-22,14:00:00,Day,WT,VP Pence implores senators to ‘step up’ on health care bill,neutral,0.0,0.056608,0.03141,0.054854,0.073624,0.092852,0,0,0
74,2017-07-22,14:00:00,Day,WT,"Sean Spicer resigns as White House press secretary, calls Scaramucci hire a mistake",negative,-0.315773,0.287068,0.316251,0.399922,0.157411,0.032668,0,0,0
75,2017-07-22,14:00:00,Day,WT,"Trump to order major review of defense industrial base, improved military readiness",neutral,0.0,0.360658,0.154995,0.020043,0.095699,0.082008,0,1,0
76,2017-07-22,14:00:00,Day,WT,Former CBO directors defend agency’s integrity ,neutral,0.0,0.211289,0.043455,0.225408,0.300864,0.128922,0,0,0
77,2017-07-22,14:00:00,Day,WT,Trump’s legal team making major changes: Reports,neutral,0.0,0.083641,0.065887,0.105373,0.060375,0.110578,0,1,0
78,2017-07-22,14:00:00,Day,WT,Ted Cruz says Senate is close to passing a health care bill,positive,0.452146,0.409329,0.057421,0.158609,0.235602,0.158298,0,0,0
79,2017-07-22,14:00:00,Day,WT,Kellyanne Conway: It’s time for Congress to ‘do its job’ on health care,positive,0.696643,0.224614,0.038903,0.107245,0.059624,0.483579,0,0,0
80,2017-07-22,14:00:00,Day,WT,"Sergey Lavrov suggests there may have been more meetings between Trump, Putin: Report",neutral,0.0,0.125291,0.087039,0.04313,0.021783,0.170024,1,1,0
81,2017-07-22,14:00:00,Day,WT,Richard Blumenthal: Trump possibly obstructing justice with Mueller case,neutral,0.0,0.457075,0.019085,0.131793,0.078845,0.11107,0,1,0
82,2017-07-22,14:00:00,Day,CBC,"Watch Power & Politics for July 21, 2017",positive,0.524067,0.340674,0.064217,0.124518,0.148697,0.198403,0,0,0
83,2017-07-22,14:00:00,Day,CBC,Khadr's war crimes appeal could hinge on bin Laden propagandist's case,negative,-0.927592,0.341089,0.094213,0.225743,0.440834,0.050466,0,0,0
84,2017-07-22,14:00:00,Day,CBC,Scheer says anti-Khadr campaign in U.S. media is fair game as NDP cry hypocrisy,neutral,0.0,0.704247,0.084772,0.113646,0.379756,0.016175,0,0,0
85,2017-07-22,14:00:00,Day,CBC,"Pierre Poilievre's golf shirt a faux pas, elections watchdog rules",positive,0.436391,,,,,,0,0,0
86,2017-07-22,14:00:00,Day,CBC,'These are our children': Sexual abuse and suicide rate among Indigenous youth,negative,-0.60087,0.666159,0.105401,0.157855,0.302244,0.007464,0,0,0
87,2017-07-22,14:00:00,Day,CBC,Judicial watchdog finds no problem with judges attending sponsored cocktail parties,neutral,0.0,0.265863,0.05113,0.163771,0.097352,0.340228,0,0,0
88,2017-07-22,14:00:00,Day,CBC,Trudeau defends his choice for governor general amid revelations about her past,negative,-0.430983,0.29668,0.102646,0.143447,0.288097,0.213951,0,0,1
89,2017-07-22,14:00:00,Day,CBC,"Watch Power & Politics for July 20, 2017",positive,0.537161,0.340674,0.064217,0.124518,0.148697,0.198403,0,0,0
90,2017-07-22,14:00:00,Day,CBC,Progressive Conservatives begin voting on proposed unity merger with Wildrose,neutral,0.0,0.154442,0.167875,0.18708,0.294974,0.274371,0,0,0
91,2017-07-22,14:00:00,Day,CBC,The Pollcast: What the Wildrose-PC merger vote means for Alberta politics,neutral,0.0,0.274745,0.020316,0.231736,0.383589,0.090125,0,0,0
92,2017-07-22,14:00:00,Day,CBC,"Anger makes people more economically conservative, research suggests",negative,-0.544451,0.20598,0.253195,0.361163,0.225286,0.16026,0,0,0
93,2017-07-22,14:00:00,Day,CBC,"Supreme Court building to get $1B rehab in 2023, well after systems risk failure",neutral,0.0,0.362541,0.567314,0.038733,0.057308,0.072105,0,0,0
94,2017-07-22,14:00:00,Day,CBC,Ship that may have sunk admiral's career to be unveiled in Quebec,neutral,0.0,0.258821,0.211206,0.276297,0.149155,0.074223,0,0,0
95,2017-07-22,14:00:00,Day,CBC,Kelly Knight Craft promises as U.S. ambassador to further Canada relationship,neutral,0.0,0.318507,0.064629,0.042059,0.102993,0.421433,0,0,0
96,2017-07-22,14:00:00,Day,CBC,"Far-right Quebec group linked to vote against Muslim cemetery, says writer",neutral,0.0,0.138848,0.026485,0.270952,0.470773,0.279438,0,0,0
97,2017-07-22,14:00:00,Day,CBC,"Andrew Scheer names Lisa Raitt deputy leader, announces 'gender diverse' House leadership team",neutral,0.0,0.04182,0.067621,0.087095,0.155908,0.051563,0,0,0
98,2017-07-23,14:00:01,Day,RT,Russia is no longer America's 'single' biggest threat – top US general                                                                    ,negative,-0.631088,0.188977,0.816807,0.042162,0.095883,0.04484,0,0,0
99,2017-07-23,14:00:01,Day,RT,Rocket launched from Gaza Strip – Israeli military                                                                    ,neutral,0.0,0.462785,0.124685,0.069402,0.330528,0.141775,0,0,0
100,2017-07-23,14:00:01,Day,RT,"'We’re bad day away from Russians asking, ‘Why are you still in Syria?’ – top US commander                                                                    ",neutral,0.0,0.519887,0.508724,0.138634,0.121035,0.016951,0,0,0
101,2017-07-23,14:00:01,Day,RT,"EU concerned over US bill on Russia sanctions, warns of ‘unintended consequences’                                                                     ",neutral,0.0,0.146506,0.440041,0.452291,0.096083,0.014697,0,0,0
102,2017-07-23,14:00:01,Day,RT,"'Stop, EU': Giant anti-migrant message ploughed into Italian field (VIDEO)                                                                    ",negative,-0.675366,0.454844,0.041008,0.231415,0.077489,0.318641,0,0,0
103,2017-07-23,14:00:01,Day,WT,New Trump communications director says he’ll delete old tweets to avoid ‘distraction’,negative,-0.620619,0.619836,0.169837,0.234789,0.200632,0.034182,0,1,0
104,2017-07-23,14:00:01,Day,WT,"Sen. Gardner stays cool as pro-Obamacare activists target him with sit-ins, shout-downs",neutral,0.0,0.143639,0.289119,0.254451,0.221453,0.199189,0,0,0
105,2017-07-23,14:00:01,Day,WT,Congress strikes deal to stiffen Russia sanctions; Trump questions boost bill,neutral,0.0,0.108767,0.116927,0.292749,0.253957,0.143244,0,1,0
106,2017-07-23,14:00:01,Day,WT,Trump tweets ‘the U.S. President has the complete power to pardon’,positive,0.436383,0.131341,0.035175,0.143701,0.280548,0.337102,0,1,0
107,2017-07-23,14:00:01,Day,WT,Boss of firm behind anti-Trump dossier to plead the Fifth at congressional hearing,negative,-0.651379,0.135338,0.191962,0.252246,0.275273,0.262374,0,1,0
108,2017-07-23,14:00:01,Day,WT,Senate ref flags key parts of GOP health bill plan,neutral,0.0,0.049776,0.049225,0.10195,0.072737,0.015093,0,0,0
109,2017-07-23,14:00:01,Day,WT,Sarah Huckabee Sanders promoted to White House press secretary,neutral,0.0,0.088791,0.190019,0.136287,0.497048,0.184213,0,0,0
110,2017-07-23,14:00:01,Day,WT,Anthony Scaramucci meets the press; Sarah Huckabee Sanders promoted,neutral,0.0,0.04726,0.090208,0.122957,0.465845,0.307358,0,0,0
111,2017-07-23,14:00:01,Day,WT,AFT’s Randi Weingarten blasts school-choice reforms as ‘polite cousins of segregation’,neutral,0.0,0.151137,0.06077,0.115003,0.090803,0.616011,0,0,0
112,2017-07-23,14:00:01,Day,WT,Trump’s new White House communications chief has voiced support for gun control,neutral,0.0,0.274591,0.390536,0.197685,0.113297,0.190278,0,1,0
113,2017-07-23,14:00:01,Day,WT,"Preet Bharara, ousted federal prosecutor, blasts Trump over Mueller probe reports",neutral,0.0,0.421521,0.029349,0.095337,0.057406,0.182893,0,1,0
114,2017-07-23,14:00:01,Day,WT,VP Pence implores senators to ‘step up’ on health care bill,neutral,0.0,0.056608,0.03141,0.054854,0.073624,0.092852,0,0,0
115,2017-07-23,14:00:01,Day,WT,"Sean Spicer resigns as White House press secretary, calls Scaramucci hire a mistake",negative,-0.315773,0.287068,0.316251,0.399922,0.157411,0.032668,0,0,0
116,2017-07-23,14:00:01,Day,WT,"Trump to order major review of defense industrial base, improved military readiness",neutral,0.0,0.360658,0.154995,0.020043,0.095699,0.082008,0,1,0
117,2017-07-23,14:00:01,Day,WT,Former CBO directors defend agency’s integrity ,neutral,0.0,0.211289,0.043455,0.225408,0.300864,0.128922,0,0,0
118,2017-07-23,14:00:01,Day,CBC,Thousands free to return home as some B.C. wildfire evacuation orders downgraded,negative,-0.6572,0.233083,0.062109,0.104154,0.056573,0.159121,0,0,0
119,2017-07-23,14:00:01,Day,CBC,Illegal border crossings by asylum seekers decline in Manitoba but spike in Quebec,negative,-0.744114,0.193741,0.131668,0.231238,0.155623,0.141579,0,0,0
120,2017-07-23,14:00:01,Day,CBC,"In historic 1st, transgender inmate wins transfer to women's prison",neutral,0.0,0.275068,0.050379,0.171689,0.331787,0.187426,0,0,0
121,2017-07-23,14:00:01,Day,CBC,Many Indigenous families not applying for Canada child benefit: documents,neutral,0.0,0.05856,0.049126,0.019824,0.133929,0.224482,0,0,0
122,2017-07-23,14:00:01,Day,CBC,"Watch Power & Politics for July 21, 2017",positive,0.524067,0.340674,0.064217,0.124518,0.148697,0.198403,0,0,0
123,2017-07-23,14:00:01,Day,CBC,Khadr's war crimes appeal could hinge on bin Laden propagandist's case,negative,-0.927592,0.341089,0.094213,0.225743,0.440834,0.050466,0,0,0
124,2017-07-23,14:00:01,Day,CBC,Scheer says anti-Khadr campaign in U.S. media is fair game as NDP cry hypocrisy,neutral,0.0,0.704247,0.084772,0.113646,0.379756,0.016175,0,0,0
125,2017-07-23,14:00:01,Day,CBC,"Pierre Poilievre's golf shirt a faux pas, elections watchdog rules",positive,0.436391,,,,,,0,0,0
126,2017-07-23,14:00:01,Day,CBC,'These are our children': Sexual abuse and suicide rate among Indigenous youth,negative,-0.60087,0.666159,0.105401,0.157855,0.302244,0.007464,0,0,0
127,2017-07-23,14:00:01,Day,CBC,Judicial watchdog finds no problem with judges attending sponsored cocktail parties,neutral,0.0,0.265863,0.05113,0.163771,0.097352,0.340228,0,0,0
128,2017-07-23,14:00:01,Day,CBC,Trudeau defends his choice for governor general amid revelations about her past,negative,-0.430983,0.29668,0.102646,0.143447,0.288097,0.213951,0,0,1
129,2017-07-23,14:00:01,Day,CBC,"Watch Power & Politics for July 20, 2017",positive,0.537161,0.340674,0.064217,0.124518,0.148697,0.198403,0,0,0
130,2017-07-23,14:00:01,Day,CBC,Progressive Conservatives begin voting on proposed unity merger with Wildrose,neutral,0.0,0.154442,0.167875,0.18708,0.294974,0.274371,0,0,0
131,2017-07-23,14:00:01,Day,CBC,The Pollcast: What the Wildrose-PC merger vote means for Alberta politics,neutral,0.0,0.274745,0.020316,0.231736,0.383589,0.090125,0,0,0
132,2017-07-23,14:00:01,Day,CBC,"Anger makes people more economically conservative, research suggests",negative,-0.544451,0.20598,0.253195,0.361163,0.225286,0.16026,0,0,0
133,2017-07-23,14:00:01,Day,CBC,"Supreme Court building to get $1B rehab in 2023, well after systems risk failure",neutral,0.0,0.362541,0.567314,0.038733,0.057308,0.072105,0,0,0
134,2017-07-24,14:00:01,Day,RT,Brussels to act ‘within days’ if US sanctions hurt EU trade with Russia – internal memo                                                                     ,negative,-0.425777,0.590731,0.312547,0.102061,0.04144,0.109876,0,0,0
135,2017-07-24,14:00:01,Day,RT,China warns India not to ‘push its luck’ amid border stand-off in Himalayas                                                                    ,neutral,0.0,0.184131,0.349348,0.338568,0.110841,0.242774,0,0,0
136,2017-07-24,14:00:01,Day,RT,"British, Turkish warships arrive in Ukraine for NATO Black Sea drills (PHOTOS)                                                                    ",neutral,0.0,0.215761,0.052415,0.137014,0.040321,0.515107,0,0,0
137,2017-07-24,14:00:01,Day,RT,Okinawa files new lawsuit to block relocation of US Marines base – local media                                                                    ,negative,-0.474341,0.382247,0.25678,0.080988,0.179326,0.222953,0,0,0
138,2017-07-24,14:00:01,Day,RT,‘We hear nothing in Western media about devastation of Mosul’: Academic who visited city to RT                                                                      ,negative,-0.749669,0.186341,0.077446,0.050191,0.348857,0.326696,0,0,0
139,2017-07-24,14:00:01,Day,WT,Tim Ryan says he’d like to see both Trump’s and Clinton’s contact with the Russians,positive,0.612266,0.265058,0.357024,0.034664,0.209875,0.217384,0,1,0
140,2017-07-24,14:00:01,Day,WT,Barbara Lee pushes Democrats inclusiveness in new economic plan,negative,-0.570227,0.361987,0.151787,0.22656,0.162887,0.085437,0,0,0
141,2017-07-24,14:00:01,Day,WT,Jared Kushner denies collusion in statement ahead of Capitol Hill testimony,positive,0.677632,0.31435,0.014762,0.238734,0.236682,0.104095,0,0,0
142,2017-07-24,14:00:01,Day,WT,"Trump tweets ‘drain the sewer,’ claims no evidence in Russia case",negative,-0.480431,0.65237,0.107622,0.120622,0.27576,0.039043,0,1,0
143,2017-07-24,14:00:01,Day,WT,Rand Paul: Trump likely has ability to pardon himself,neutral,0.0,0.25579,0.122121,0.051826,0.079756,0.185896,0,1,0
144,2017-07-24,14:00:01,Day,WT,Al Franken wants Attorney General Jeff Sessions to testify again after anonymous report,negative,-0.358745,0.161287,0.107242,0.290101,0.077196,0.150215,0,0,0
145,2017-07-24,14:00:01,Day,WT,Ethanol bill defeated in Senate,negative,-0.372534,0.303073,0.269003,0.234775,0.191104,0.024459,0,0,0
146,2017-07-24,14:00:01,Day,WT,"Chuck Schumer previews Democrats’ new economic plan, party unity",neutral,0.0,0.094395,0.108967,0.057157,0.042138,0.561548,0,0,0
147,2017-07-24,14:00:01,Day,WT,Senate to hold procedural vote on health care,neutral,0.0,0.204243,0.033156,0.186882,0.262109,0.396944,0,0,0
148,2017-07-24,14:00:01,Day,WT,Congress’ bipartisan agreement to take hard line against Russia puts Trump to test on sanctions,neutral,0.0,0.600487,0.133944,0.137812,0.285426,0.016203,0,1,0
149,2017-07-24,14:00:01,Day,WT,Anthony Scaramucci cuts to the chase,neutral,0.0,0.45902,0.124595,0.28164,0.211715,0.093192,0,0,0
150,2017-07-24,14:00:01,Day,WT,Vets balk at Hill proposal to offer ‘choice’ health care,neutral,0.0,0.251076,0.029788,0.015713,0.05324,0.658184,0,0,0
151,2017-07-24,14:00:01,Day,WT,"Jared Kushner: Jewish-American paradox, traditional presidential family adviser",neutral,0.0,0.237747,0.06452,0.046227,0.376418,0.154744,0,0,0
152,2017-07-24,14:00:01,Day,WT,Fact-checkers drawn into heated debate over number of noncitizens who vote illegally,negative,-0.693429,0.148027,0.071996,0.366962,0.347539,0.191261,0,0,0
153,2017-07-24,14:00:01,Day,WT,"Nominee for deputy Interior secretary violated disclosure laws, say green groups",neutral,0.0,0.158246,0.066317,0.189428,0.119603,0.144764,0,0,0
154,2017-07-24,14:00:01,Day,CBC,Intellectual property could be key as Canada and U.S. compete for frigate-building bids,neutral,0.0,0.10138,0.142341,0.085117,0.02946,0.473782,0,0,0
155,2017-07-24,14:00:01,Day,CBC,"Trudeau 'not working hard enough' on NAFTA file, says Scheer",negative,-0.7758,0.734158,0.191301,0.062282,0.03988,0.075634,0,0,1
156,2017-07-24,14:00:01,Day,CBC,Wildrose and PC members approve unite-the-right deal with 95% voting Yes,positive,0.579508,0.145339,0.069293,0.140261,0.06185,0.103479,0,0,0
157,2017-07-24,14:00:01,Day,CBC,Thousands free to return home as some B.C. wildfire evacuation orders downgraded,negative,-0.6572,0.233083,0.062109,0.104154,0.056573,0.159121,0,0,0
158,2017-07-24,14:00:01,Day,CBC,Illegal border crossings by asylum seekers decline in Manitoba but spike in Quebec,negative,-0.744114,0.193741,0.131668,0.231238,0.155623,0.141579,0,0,0
159,2017-07-24,14:00:01,Day,CBC,"In historic 1st, transgender inmate wins transfer to women's prison",neutral,0.0,0.275068,0.050379,0.171689,0.331787,0.187426,0,0,0
160,2017-07-24,14:00:01,Day,CBC,Many Indigenous families not applying for Canada child benefit: documents,neutral,0.0,0.05856,0.049126,0.019824,0.133929,0.224482,0,0,0
161,2017-07-24,14:00:01,Day,CBC,"Watch Power & Politics for July 21, 2017",positive,0.524067,0.340674,0.064217,0.124518,0.148697,0.198403,0,0,0
162,2017-07-24,14:00:01,Day,CBC,Khadr's war crimes appeal could hinge on bin Laden propagandist's case,negative,-0.927592,0.341089,0.094213,0.225743,0.440834,0.050466,0,0,0
163,2017-07-24,14:00:01,Day,CBC,Scheer says anti-Khadr campaign in U.S. media is fair game as NDP cry hypocrisy,neutral,0.0,0.704247,0.084772,0.113646,0.379756,0.016175,0,0,0
164,2017-07-24,14:00:01,Day,CBC,"Pierre Poilievre's golf shirt a faux pas, elections watchdog rules",positive,0.436391,,,,,,0,0,0
165,2017-07-24,14:00:01,Day,CBC,'These are our children': Sexual abuse and suicide rate among Indigenous youth,negative,-0.60087,0.666159,0.105401,0.157855,0.302244,0.007464,0,0,0
166,2017-07-24,14:00:01,Day,CBC,Judicial watchdog finds no problem with judges attending sponsored cocktail parties,neutral,0.0,0.265863,0.05113,0.163771,0.097352,0.340228,0,0,0
167,2017-07-24,14:00:01,Day,CBC,Trudeau defends his choice for governor general amid revelations about her past,negative,-0.430983,0.29668,0.102646,0.143447,0.288097,0.213951,0,0,1
168,2017-07-24,14:00:01,Day,CBC,"Watch Power & Politics for July 20, 2017",positive,0.537161,0.340674,0.064217,0.124518,0.148697,0.198403,0,0,0
169,2017-07-24,14:00:01,Day,CBC,Progressive Conservatives begin voting on proposed unity merger with Wildrose,neutral,0.0,0.154442,0.167875,0.18708,0.294974,0.274371,0,0,0
170,2017-07-25,14:00:00,Day,RT,"Chinese interception of US spy plane ‘legal, necessary & professional’ – Beijing                                                                    ",neutral,0.0,0.124435,0.148186,0.198203,0.09935,0.273997,0,0,0
171,2017-07-25,14:00:00,Day,RT,"London ‘honor killing’ victim ‘raped, murdered & stuffed in freezer for dating Arab Muslim’                                                                    ",negative,-0.408791,0.241841,0.06478,0.287114,0.724616,0.011672,0,0,0
172,2017-07-25,14:00:00,Day,RT,Turks spew vitriol at Eurowings amid reports ‘fearful’ German pilot refused flight to Ankara                                                                    ,negative,-0.442748,0.054271,0.375131,0.092562,0.614266,0.008289,0,0,0
173,2017-07-25,14:00:00,Day,RT,"US mulls sending arms to Kiev, doesn’t view move as 'provocative' – US special envoy to Ukraine                                                                    ",positive,0.468385,0.060964,0.077692,0.024299,0.079034,0.415985,0,0,0
174,2017-07-25,14:00:00,Day,RT,IMF may soon be moving to China – Christine Lagarde                                                                    ,neutral,0.0,0.125806,0.328587,0.109559,0.041138,0.197683,0,0,0
175,2017-07-25,14:00:00,Day,WT,Anthony Scaramucci says Trump likely looking to fire Sessions,positive,0.708949,0.388561,0.303354,0.267933,0.078734,0.097145,0,1,0
176,2017-07-25,14:00:00,Day,WT,Trump bashes Sessions as ‘weak’ on Hillary Clinton’s ‘crimes’ and intel leakers,neutral,0.0,0.42056,0.063611,0.269692,0.328565,0.03862,0,1,0
177,2017-07-25,14:00:00,Day,WT,Trump puts pressure on lawmakers to pass something on health care ,positive,0.782534,0.384917,0.1815,0.067138,0.062565,0.200885,0,1,0
178,2017-07-25,14:00:00,Day,WT,McCain to return to Senate for Tuesday’s health care vote,positive,0.780097,0.126182,0.023075,0.066624,0.274898,0.525489,0,0,0
179,2017-07-25,14:00:00,Day,WT,"Rex Tillerson is committed to staying on as secretary of state, his spokeswoman says",neutral,0.0,0.42987,0.28717,0.135584,0.166536,0.074941,0,0,0
180,2017-07-25,14:00:00,Day,WT,"Kushner exposed Russia probe as ‘witch hunt,’ ‘hoax,’ White House says",neutral,0.0,0.365319,0.130362,0.267361,0.290352,0.112375,0,0,0
181,2017-07-25,14:00:00,Day,WT,Trump speaks to advisers about firing Attorney General Sessions,neutral,0.0,0.213528,0.058533,0.372703,0.125462,0.1813,0,1,0
182,2017-07-25,14:00:00,Day,WT,"Trump takes shots at Republicans, media and Obama at Boy Scout Jamboree",neutral,0.0,0.194982,0.018273,0.219473,0.657807,0.073392,0,1,0
183,2017-07-25,14:00:00,Day,WT,Trump media: 19 talk radio hosts broadcast live from the White House on Tuesday,neutral,0.0,0.1674,0.102487,0.053349,0.157185,0.557309,0,1,0
184,2017-07-25,14:00:00,Day,WT,Dianne Feinstein pushes for Attorney General Sessions to testify on Russian ambassador meetings,neutral,0.0,0.299701,0.38831,0.16706,0.023903,0.18221,0,0,0
185,2017-07-25,14:00:00,Day,WT,Jared Kushner declares in detail why he’s innocent of Russian collusion,positive,0.861059,0.158592,0.372883,0.042284,0.188064,0.119857,0,0,0
186,2017-07-25,14:00:00,Day,WT,"Senate to vote Tuesday on motion to begin debate on Obamacare repeal, replace bill",negative,-0.604675,0.173307,0.15135,0.480467,0.404968,0.074173,0,0,0
187,2017-07-25,14:00:00,Day,WT,Ohio Gov. John Kasich blasts Senate GOP health care strategy,negative,-0.46816,0.326841,0.03366,0.18108,0.259418,0.306732,0,0,0
188,2017-07-25,14:00:00,Day,WT,Sessions has support of law enforcement groups,positive,0.716323,0.087695,0.147499,0.159262,0.099287,0.142021,0,0,0
189,2017-07-25,14:00:00,Day,WT,Thinking big about money,neutral,0.0,0.098294,0.083364,0.171677,0.063357,0.062789,0,0,0
190,2017-07-25,14:00:00,Day,CBC,"Government, Indigenous leaders herald health agreement that will dismantle 'colonial' system",neutral,0.0,0.08406,0.107559,0.103387,0.1875,0.354197,0,0,0
191,2017-07-25,14:00:00,Day,CBC,Conservative politicians flock to U.S. media to whip up ignorance and bile: Neil Macdonald,negative,-0.746994,0.321563,0.193553,0.433514,0.410394,0.008327,0,0,0
192,2017-07-25,14:00:00,Day,CBC,Canadian defence deal with Azerbaijan raises new questions about arms export controls,neutral,0.0,0.151276,0.154207,0.372229,0.170427,0.164228,0,0,0
193,2017-07-25,14:00:00,Day,CBC,"Reports of child pornography, sexual crimes against minors on the rise",negative,-0.869873,0.102051,0.068218,0.272718,0.722604,0.027719,0,0,0
194,2017-07-25,14:00:00,Day,CBC,"Pot charges drop in 2016, Statistics Canada reports",negative,-0.745176,0.264055,0.109235,0.135222,0.094174,0.02319,0,0,0
195,2017-07-25,14:00:00,Day,CBC,Pot charges rise in Montreal despite downward trend in rest of Canada,negative,-0.824517,0.426728,0.038044,0.141633,0.326101,0.126704,0,0,0
196,2017-07-25,14:00:00,Day,CBC,"Canada trails G7 in protecting land, parks advocates say",neutral,0.0,0.353421,0.059827,0.035737,0.302969,0.294152,0,0,0
197,2017-07-25,14:00:00,Day,CBC,'Battle for the centre' emerges in Alberta as unite-the-right vote succeeds ,positive,0.858155,0.213095,0.080184,0.226814,0.081732,0.40125,0,0,0
198,2017-07-25,14:00:00,Day,CBC,Canada wasn't — and isn't — ready for an Indigenous governor general,neutral,0.0,0.183346,0.089312,0.099651,0.109406,0.183204,0,0,0
199,2017-07-25,14:00:00,Day,CBC,"Despite 2015 defeat, NDP in better spot now than during most of party's past leadership races",neutral,0.0,0.338627,0.191674,0.078327,0.072877,0.401985,0,0,0
200,2017-07-25,14:00:00,Day,CBC,Intellectual property could be key as Canada and U.S. compete for frigate-building bids,neutral,0.0,0.10138,0.142341,0.085117,0.02946,0.473782,0,0,0
201,2017-07-25,14:00:00,Day,CBC,Ontario announces new mental health workers for troubled Pikangikum First Nation,neutral,0.0,0.373044,0.031057,0.142109,0.064258,0.375186,0,0,0
202,2017-07-25,14:00:00,Day,CBC,"Trudeau 'not working hard enough' on NAFTA file, says Scheer",negative,-0.7758,0.734158,0.191301,0.062282,0.03988,0.075634,0,0,1
203,2017-07-25,14:00:00,Day,CBC,Wildrose and PC members approve unite-the-right deal with 95% voting Yes,positive,0.579508,0.145339,0.069293,0.140261,0.06185,0.103479,0,0,0
204,2017-07-25,14:00:00,Day,CBC,Thousands free to return home as some B.C. wildfire evacuation orders downgraded,negative,-0.6572,0.233083,0.062109,0.104154,0.056573,0.159121,0,0,0
205,2017-07-25,14:00:00,Day,CBC,Illegal border crossings by asylum seekers decline in Manitoba but spike in Quebec,negative,-0.744114,0.193741,0.131668,0.231238,0.155623,0.141579,0,0,0
206,2017-07-26,14:00:00,Day,RT,CIA chief: China tops Russia & Iran as biggest long-term threat to US                                                                    ,negative,-0.861558,0.308477,0.708485,0.091799,0.071093,0.023936,0,0,0
207,2017-07-26,14:00:00,Day,RT,‘America 1st doesn't mean Europe last’ – EU lashes out at US sanctions against Russia                                                                    ,negative,-0.657066,0.503779,0.152942,0.090693,0.186679,0.070997,0,0,0
208,2017-07-26,14:00:00,Day,RT,German business lobby urges EU action against new US sanctions on Russia                                                                    ,negative,-0.752691,0.083609,0.121724,0.101034,0.147598,0.330194,0,0,0
209,2017-07-26,14:00:00,Day,RT,Iran will ‘strengthen defensive weapons’ in response to US sanctions – Rouhani                                                                    ,negative,-0.438211,0.346036,0.209881,0.24062,0.108074,0.143827,0,0,0
210,2017-07-26,14:00:00,Day,RT,"Refusing husband sex is emotional abuse, says Malaysian lawmaker                                                                     ",negative,-0.878608,0.28895,0.065685,0.327376,0.665807,0.004637,0,0,0
211,2017-07-26,14:00:00,Day,WT,Trump dings Murkowski for no-vote on health care debate,neutral,0.0,0.179362,0.05363,0.182024,0.227095,0.465424,0,1,0
212,2017-07-26,14:00:00,Day,WT,Scaramucci: White House will continue firing people not serving Trump ‘honorably’,neutral,0.0,0.234498,0.065084,0.244894,0.221169,0.251613,0,1,0
213,2017-07-26,14:00:00,Day,WT,Tim Ryan: Democrats’ new slogan needs to be more aspirational,neutral,0.0,0.239614,0.217503,0.05091,0.101904,0.376885,0,0,0
214,2017-07-26,14:00:00,Day,WT,"Senate Republicans win health care debate vote, but the fight has only begun",neutral,0.0,0.086591,0.011283,0.275553,0.563412,0.279022,0,0,0
215,2017-07-26,14:00:00,Day,WT,IRS finally agrees to clear last tea party case,neutral,0.0,0.080908,0.016613,0.03913,0.063321,0.817417,0,0,0
216,2017-07-26,14:00:00,Day,WT,"Trump says ‘time will tell’ about attorney general, but Senate Republicans defend Sessions",neutral,0.0,0.269783,0.020276,0.399288,0.536588,0.03729,0,1,0
217,2017-07-26,14:00:00,Day,WT,"Senate panels clash over access to Kushner, Manafort",negative,-0.654277,0.575104,0.091877,0.159916,0.146315,0.04072,0,0,0
218,2017-07-26,14:00:00,Day,WT,McConnell: Sessions ‘made right decision to recuse himself’,neutral,0.0,0.130377,0.110263,0.13051,0.037303,0.33517,0,0,0
219,2017-07-26,14:00:00,Day,WT,Scaramucci threatens to ‘fire everybody’ to stop White House leaks,negative,-0.811247,0.11765,0.587746,0.361081,0.235,0.058768,0,0,0
220,2017-07-26,14:00:00,Day,WT,House votes to undo federal consumer bureau’s arbitration rule,negative,-0.453285,0.253647,0.124471,0.109933,0.127813,0.370204,0,0,0
221,2017-07-26,14:00:00,Day,WT,DNC dumps $1.5 million into Virginia governor’s race,neutral,0.0,0.490426,0.149412,0.093695,0.148954,0.111893,0,0,0
222,2017-07-26,14:00:00,Day,WT,Congress cares more about the media than the voters: poll,neutral,0.0,0.35285,0.048344,0.161125,0.582369,0.042327,0,0,0
223,2017-07-26,14:00:00,Day,WT,House GOP leaders go back to drawing board on VA ‘choice’ measure,negative,-0.552764,0.348706,0.164514,0.123249,0.095671,0.357386,0,0,0
224,2017-07-26,14:00:00,Day,WT,"Recusal or not, Trump’s attacks on Sessions no way to help drain the swamp",negative,-0.787392,0.503363,0.535537,0.130658,0.052636,0.014141,0,1,0
225,2017-07-26,14:00:00,Day,WT,Trump to keep fulfilling promises made to American people,positive,0.734854,0.284259,0.048082,0.142702,0.383742,0.283881,0,1,0
226,2017-07-26,14:00:00,Day,CBC,"NAFTA talks: U.S. proposal for cross-border data storage at odds with B.C., N.S. law",neutral,0.0,0.164294,0.337353,0.070792,0.03625,0.293677,0,0,0
227,2017-07-26,14:00:00,Day,CBC,"'Don't be fooled,' says chief skeptical of Ottawa on 1st day of AFN meetings",negative,-0.718507,0.373909,0.183564,0.154376,0.033812,0.327551,0,0,0
228,2017-07-26,14:00:00,Day,CBC,"Changes coming to First Nations funding, feds tell AFN",negative,-0.405765,0.13278,0.018675,0.240399,0.270358,0.109746,0,0,0
229,2017-07-26,14:00:00,Day,CBC,"Immigration detention system is legal, though not always applied perfectly: judge",neutral,0.0,0.106099,0.036772,0.093339,0.037216,0.370101,0,0,0
230,2017-07-26,14:00:00,Day,CBC,"Pacific NorthWest LNG project in Port Edward, B.C., no longer proceeding",neutral,0.0,0.092426,0.100917,0.097696,0.076355,0.401598,0,0,0
231,2017-07-26,14:00:00,Day,CBC,Why Alberta's united right could be less than sum of its parts,neutral,0.0,0.336714,0.139959,0.093101,0.050157,0.260426,0,0,0
232,2017-07-26,14:00:00,Day,CBC,Trudeau and Horgan sidestep pipeline talks in 1st meeting,negative,-0.337588,0.208933,0.099772,0.080924,0.017871,0.289517,0,0,1
233,2017-07-26,14:00:00,Day,CBC,'My goal is to put the nastiness aside': Andrew Scheer on leading the Conservative Party,negative,-0.718644,0.119199,0.186955,0.144179,0.263785,0.265737,0,0,0
234,2017-07-26,14:00:00,Day,CBC,Trans Mountain pipeline gets Indigenous-led oversight committee,neutral,0.0,0.194529,0.147198,0.168332,0.119394,0.224307,0,0,0
235,2017-07-26,14:00:00,Day,CBC,"Government, Indigenous leaders herald health agreement that will dismantle 'colonial' system",neutral,0.0,0.08406,0.107559,0.103387,0.1875,0.354197,0,0,0
236,2017-07-26,14:00:00,Day,CBC,Conservative politicians flock to U.S. media to whip up ignorance and bile: Neil Macdonald,negative,-0.746994,0.321563,0.193553,0.433514,0.410394,0.008327,0,0,0
237,2017-07-26,14:00:00,Day,CBC,Canadian defence deal with Azerbaijan raises new questions about arms export controls,neutral,0.0,0.151276,0.154207,0.372229,0.170427,0.164228,0,0,0
238,2017-07-26,14:00:00,Day,CBC,"Reports of child pornography, sexual crimes against minors on the rise",negative,-0.869873,0.102051,0.068218,0.272718,0.722604,0.027719,0,0,0
239,2017-07-26,14:00:00,Day,CBC,"Pot charges drop in 2016, Statistics Canada reports",negative,-0.745176,0.264055,0.109235,0.135222,0.094174,0.02319,0,0,0
240,2017-07-26,14:00:00,Day,CBC,Pot charges rise in Montreal despite downward trend in rest of Canada,negative,-0.824517,0.426728,0.038044,0.141633,0.326101,0.126704,0,0,0
241,2017-07-26,14:00:00,Day,CBC,"Canada trails G7 in protecting land, parks advocates say",neutral,0.0,0.353421,0.059827,0.035737,0.302969,0.294152,0,0,0
242,2017-07-27,14:00:00,Day,RT,"I’d launch nukes at China on Trump's orders, says US Pacific Fleet chief                                                                    ",neutral,0.0,0.423897,0.086682,0.108347,0.15223,0.166535,0,1,0
243,2017-07-27,14:00:00,Day,RT,"'Counter-sanctions possible, trade war between EU & US would be very bad' - German economy minister                                                                    ",positive,0.513664,0.687858,0.284779,0.133007,0.071651,0.05696,0,0,0
244,2017-07-27,14:00:00,Day,RT,‘Terribly bad mistake’: US Senator says Russia sanctions go against EU energy security & free trade                                                                    ,negative,-0.744876,0.506758,0.402323,0.262678,0.083415,0.025186,0,0,0
245,2017-07-27,14:00:00,Day,RT,"Maduro to Trump: ‘Stop aggression against Venezuela, stop meddling in Latin American affairs'                                                                    ",negative,-0.410276,0.263133,0.137833,0.343123,0.380206,0.0433,0,1,0
246,2017-07-27,14:00:00,Day,RT,Netanyahu threatens to kick Al Jazeera out of Israel for ‘inciting’ Al-Aqsa protests                                                                    ,neutral,0.0,0.039172,0.363061,0.440503,0.464537,0.044949,0,0,0
247,2017-07-27,14:00:00,Day,WT,Trump looks for revenge on Murkowski after health care vote; Alaska projects in jeopardy: Report,neutral,0.0,0.12429,0.024193,0.224834,0.084547,0.414057,0,1,0
248,2017-07-27,14:00:00,Day,WT,Trump goads Republicans in tweet over health care vote,neutral,0.0,0.17267,0.002124,0.090854,0.599863,0.282625,0,1,0
249,2017-07-27,14:00:00,Day,WT,Hillary skates again on email scandal,negative,-0.427118,0.120813,0.048997,0.30509,0.591173,0.086799,0,0,0
250,2017-07-27,14:00:00,Day,WT,Scaramucci names Priebus in now-deleted tweet about leaks,negative,-0.488588,0.461348,0.23887,0.28364,0.297301,0.034633,0,0,0
251,2017-07-27,14:00:00,Day,WT,How long can Reince Priebus hang on?,neutral,0.0,0.258522,0.144315,0.157976,0.1591,0.065732,0,0,0
252,2017-07-27,14:00:00,Day,WT,Firing Sessions not a foolproof method for stopping Russia probe,neutral,0.0,0.330024,0.117769,0.196208,0.130119,0.074134,0,0,0
253,2017-07-27,14:00:00,Day,WT,"His future clouded, Sessions opens mission to El Salvador to deal with MS-13",neutral,0.0,0.106856,0.107873,0.081343,0.012133,0.230409,0,0,0
254,2017-07-27,14:00:00,Day,WT,House rejects Republican bills to punish CBO over scoring errors,negative,-0.804333,0.5882,0.058506,0.387339,0.313165,0.001161,0,0,0
255,2017-07-27,14:00:00,Day,WT,"After rejection of full Obamacare repeal, Senate Republicans resort to ‘skinny’ version",negative,-0.800576,0.671564,0.045879,0.147895,0.34356,0.017746,0,0,0
256,2017-07-27,14:00:00,Day,WT,Hillary Clinton’s new book will be called ‘What Happened’ ,neutral,0.0,0.224777,0.100532,0.047218,0.039459,0.442383,0,0,0
257,2017-07-27,14:00:00,Day,WT,Trump exposes cultural divide with sudden ban on transgender troops,neutral,0.0,0.180699,0.154605,0.633051,0.259691,0.044776,0,1,0
258,2017-07-27,14:00:00,Day,WT,Trump emerges as the true master of media — whether the media likes it or not,positive,0.90075,0.023191,0.070675,0.088683,0.099007,0.654482,0,1,0
259,2017-07-27,14:00:00,Day,WT,"Debbie Wasserman Schultz fires Imran Awan, IT staffer, following fraud arrest",neutral,0.0,0.337735,0.11046,0.666028,0.157434,0.032625,0,0,0
260,2017-07-27,14:00:00,Day,WT,Trump gives his paycheck to Education Department; money will start STEM camp,neutral,0.0,0.093109,0.093128,0.184093,0.253199,0.337043,0,1,0
261,2017-07-27,14:00:00,Day,WT,"Trump’s tax cut priority is America’s middle class, White House says",neutral,0.0,0.379945,0.136065,0.216357,0.430978,0.050698,0,1,0
262,2017-07-27,14:00:00,Day,CBC,What these transgender veterans think about Trump's U.S. trans troop ban,neutral,0.0,0.29135,0.104456,0.295479,0.461637,0.082002,0,1,0
263,2017-07-27,14:00:00,Day,CBC,Canada promotes recruitment of transgender troops as Donald Trump imposes military ban,neutral,0.0,0.158366,0.161597,0.211045,0.636222,0.064322,0,1,0
264,2017-07-27,14:00:00,Day,CBC,U.S. army medic who saved Omar Khadr's life calls $10.5M settlement the 'smart path',neutral,0.0,0.16247,0.035233,0.047247,0.019197,0.530737,0,0,0
265,2017-07-27,14:00:00,Day,CBC,Canada to beef up police presence in Iraq after fall of Mosul,negative,-0.563645,0.128111,0.373109,0.124304,0.117947,0.266682,0,0,0
266,2017-07-27,14:00:00,Day,CBC,"Supreme Court quashes seismic testing in Nunavut, but gives green light to Enbridge pipeline",neutral,0.0,0.116105,0.085569,0.151663,0.190584,0.301239,0,0,0
267,2017-07-27,14:00:00,Day,CBC,"'We're concerned': After Supreme Court rulings, duty to consult a hot topic at AFN meeting",negative,-0.304583,0.109881,0.307888,0.260199,0.108511,0.148199,0,0,0
268,2017-07-27,14:00:00,Day,CBC,Midweek podcast: Duty to consult and NAFTA disputes,negative,-0.755188,0.054969,0.076219,0.691823,0.021971,0.226235,0,0,0
269,2017-07-27,14:00:00,Day,CBC,Canada's endangered wild ginseng under threat from poachers ,negative,-0.642091,0.120474,0.899381,0.048459,0.096998,0.025308,0,0,0
270,2017-07-27,14:00:00,Day,CBC,Cruise missile threat biggest priority in upcoming Norad makeover,negative,-0.586207,0.178313,0.692372,0.077519,0.153772,0.026662,0,0,0
271,2017-07-27,14:00:00,Day,CBC,Bid 'irregularity' takes air out of Ottawa's aim to buy 350 inflatable boats for military,neutral,0.0,0.103101,0.313367,0.099604,0.213964,0.110891,0,0,0
272,2017-07-27,14:00:00,Day,CBC,'What else was I to do?': Ontario jail guard faces discipline after tweets about inmate in segregation,negative,-0.81887,0.417919,0.249749,0.201995,0.340681,0.045059,0,0,0
273,2017-07-27,14:00:00,Day,CBC,Ottawa rejecting many expense claims from public servants with Phoenix payroll problems,negative,-0.683106,0.544357,0.126755,0.40683,0.15211,0.008625,0,0,0
274,2017-07-27,14:00:00,Day,CBC,Deal to share passenger info between EU and Canada struck down on privacy concerns,negative,-0.868101,0.226365,0.292072,0.026194,0.026836,0.100878,0,0,0
275,2017-07-27,14:00:00,Day,CBC,"NAFTA talks: U.S. proposal for cross-border data storage at odds with B.C., N.S. law",neutral,0.0,0.164294,0.337353,0.070792,0.03625,0.293677,0,0,0
276,2017-07-27,14:00:00,Day,CBC,"'Don't be fooled,' says chief skeptical of Ottawa on 1st day of AFN meetings",negative,-0.718507,0.373909,0.183564,0.154376,0.033812,0.327551,0,0,0
277,2017-07-27,14:00:00,Day,CBC,"Changes coming to First Nations funding, feds tell AFN",negative,-0.405765,0.13278,0.018675,0.240399,0.270358,0.109746,0,0,0
278,2017-07-28,14:00:01,Day,RT,Moscow not ruling out any measures to ‘bring US to its senses’                                                                    ,neutral,0.0,0.133004,0.077396,0.063878,0.081852,0.212781,0,0,0
279,2017-07-28,14:00:01,Day,RT,US ambassador voices ‘strong disappointment & protest’ at Russia cutting diplomatic staff                                                                    ,negative,-0.883575,0.735138,0.083529,0.217442,0.11435,0.023305,0,0,0
280,2017-07-28,14:00:01,Day,RT,China closes east seas for fresh round of ‘large-scale’ military drills                                                                     ,neutral,0.0,0.27362,0.093487,0.017362,0.029649,0.563392,0,0,0
281,2017-07-28,14:00:01,Day,RT,"‘Without any judge, without any trial’: HRW Iraq researcher speaks out on Mosul killings                                                                    ",negative,-0.578511,0.23428,0.068348,0.133289,0.36966,0.072399,0,0,0
282,2017-07-28,14:00:01,Day,RT,"‘Australian women need Muslim men to fertilize them,’ says halal food chief in Facebook rant                                                                    ",negative,-0.608374,0.13934,0.081462,0.472978,0.619956,0.03533,0,0,0
283,2017-07-28,14:00:01,Day,WT,"Ben Cardin says Senate is still in session, can debate new health care ideas",positive,0.599895,0.272516,0.092824,0.16265,0.129788,0.478528,0,0,0
284,2017-07-28,14:00:01,Day,WT,Jeff Merkley: Democrats gasped when John McCain voted no on health care bill,neutral,0.0,0.298209,0.018362,0.215734,0.416094,0.02873,0,0,0
285,2017-07-28,14:00:01,Day,WT,Rep. Mo Brooks: ‘We need new leadership in the Senate if they can’t get the job done’,neutral,0.0,0.230602,0.227747,0.14363,0.038723,0.170186,0,0,0
286,2017-07-28,14:00:01,Day,WT,McCain ‘no’ vote kills Obamacare repeal effort in Senate,negative,-0.37271,0.198949,0.237291,0.456624,0.195458,0.096556,0,0,0
287,2017-07-28,14:00:01,Day,WT,"Scaramucci ramps up criticism of Priebus, says their relationship like biblical Cain and Abel",negative,-0.519354,0.484184,0.052065,0.066983,0.101547,0.304285,0,0,0
288,2017-07-28,14:00:01,Day,WT,Jeff Sessions calls Trump’s remarks ‘kind of hurtful’,negative,-0.784261,0.458785,0.110717,0.197611,0.149477,0.108078,0,1,0
289,2017-07-28,14:00:01,Day,WT,"Koch network to host tax reform discussion with Steve Mnuchin, Marc Short",negative,-0.531777,0.203085,0.031866,0.046627,0.179719,0.297557,0,0,0
290,2017-07-28,14:00:01,Day,WT,"House Republicans demand special counsel to investigate Clinton, Obama officials",negative,-0.499036,0.162162,0.266561,0.050254,0.084271,0.338195,0,0,0
291,2017-07-28,14:00:01,Day,WT,White House calls for ‘thorough investigation’ of Debbie Wasserman Schultz staffer scandal,neutral,0.0,0.134146,0.092087,0.257824,0.47915,0.176681,0,0,0
292,2017-07-28,14:00:01,Day,WT,"Sessions carries on with Justice Department tasks, despite Trump criticism",neutral,0.0,0.487937,0.024814,0.304591,0.041355,0.177915,0,1,0
293,2017-07-28,14:00:01,Day,WT,"Courage, competence, sacrifice: What lawmakers can learn from the military",positive,0.924982,0.410276,0.121843,0.016586,0.066031,0.420255,0,0,0
294,2017-07-28,14:00:01,Day,WT,"With Mueller investigation, FBI gets chance to physically inspect ‘hacked’ DNC computers",neutral,0.0,0.311684,0.252314,0.265211,0.337876,0.060354,0,0,0
295,2017-07-28,14:00:01,Day,WT,House GOP fundraising arm hopes to defend incumbents with ‘Drain the Swamp’ swag,neutral,0.0,0.591962,0.188488,0.192843,0.248694,0.064956,0,0,0
296,2017-07-28,14:00:01,Day,WT,"Liberals, conservatives jointly decry university ‘safe spaces’",neutral,0.0,0.125732,0.077712,0.137179,0.733346,0.027896,0,0,0
297,2017-07-28,14:00:01,Day,WT,Activists try to head off recess replacement for AG Sessions,negative,-0.313731,0.29514,0.208206,0.07229,0.017324,0.021205,0,0,0
298,2017-07-28,14:00:01,Day,CBC,"B.C. premier says Canada-U.S. close to deal on softwood, but negotiations intense",neutral,0.0,0.410023,0.136086,0.229116,0.081655,0.126264,0,0,0
299,2017-07-28,14:00:01,Day,CBC,MMIWG inquiry now reviewing conduct of police officers,neutral,0.0,0.175322,0.141516,0.251504,0.358473,0.058857,0,0,0
300,2017-07-28,14:00:01,Day,CBC,DND brass worried as military cops unable to enforce provincial mental health laws,negative,-0.491408,0.451204,0.658802,0.080817,0.071044,0.005592,0,0,0
301,2017-07-28,14:00:01,Day,CBC,The Pollcast: Lessons from when the right united in federal politics,neutral,0.0,0.398893,0.046994,0.092437,0.086913,0.196057,0,0,0
302,2017-07-28,14:00:01,Day,CBC,U.S. Republican leaders announce end of border tax proposal,neutral,0.0,0.131893,0.030311,0.084286,0.569224,0.319003,0,0,0
303,2017-07-28,14:00:01,Day,CBC,How can we trust CSIS to protect our rights when it's accused of violating those of its employees?,negative,-0.820108,0.077057,0.00672,0.482091,0.422693,0.067443,0,0,0
304,2017-07-28,14:00:01,Day,CBC,What these transgender veterans think about Trump's U.S. trans troop ban,neutral,0.0,0.29135,0.104456,0.295479,0.461637,0.082002,0,1,0
305,2017-07-28,14:00:01,Day,CBC,Canada promotes recruitment of transgender troops as Donald Trump imposes military ban,neutral,0.0,0.158366,0.161597,0.211045,0.636222,0.064322,0,1,0
306,2017-07-28,14:00:01,Day,CBC,'You failed': Missing and murdered inquiry commissioners confronted at AFN meeting,negative,-0.927449,0.555255,0.119545,0.215479,0.043743,0.054508,0,0,0
307,2017-07-28,14:00:01,Day,CBC,U.S. army medic who saved Omar Khadr's life calls $10.5M settlement the 'smart path',neutral,0.0,0.16247,0.035233,0.047247,0.019197,0.530737,0,0,0
308,2017-07-28,14:00:01,Day,CBC,Canada to beef up police presence in Iraq after fall of Mosul,negative,-0.563645,0.128111,0.373109,0.124304,0.117947,0.266682,0,0,0
309,2017-07-28,14:00:01,Day,CBC,"Supreme Court quashes seismic testing in Nunavut, but gives green light to Enbridge pipeline",neutral,0.0,0.116105,0.085569,0.151663,0.190584,0.301239,0,0,0
310,2017-07-28,14:00:01,Day,CBC,"'We're concerned': After Supreme Court rulings, duty to consult a hot topic at AFN meeting",negative,-0.304583,0.109881,0.307888,0.260199,0.108511,0.148199,0,0,0
311,2017-07-28,14:00:01,Day,CBC,Shorter routes sought as rate of postal worker injuries rises,neutral,0.0,0.519224,0.072426,0.105767,0.15849,0.059688,0,0,0
312,2017-07-28,14:00:01,Day,CBC,Midweek podcast: Duty to consult and NAFTA disputes,negative,-0.755188,0.054969,0.076219,0.691823,0.021971,0.226235,0,0,0
313,2017-07-28,14:00:01,Day,CBC,Canada's endangered wild ginseng under threat from poachers ,negative,-0.642091,0.120474,0.899381,0.048459,0.096998,0.025308,0,0,0
314,2017-07-29,14:00:01,Day,RT,South Korea & US missiles launched in response to North Korea test (VIDEO)                                                                    ,neutral,0.0,0.306393,0.098706,0.013804,0.052055,0.302386,0,0,0
315,2017-07-29,14:00:01,Day,RT,Entire US mainland in range of N. Korean nukes after latest test – Kim Jong-un                                                                    ,neutral,0.0,0.314756,0.189823,0.171168,0.073904,0.034114,0,0,0
316,2017-07-29,14:00:01,Day,RT,Trade war? EU ready for economic counter-sanctions if US anti-Russia bill signed – top officials                                                                    ,negative,-0.448622,0.325561,0.115692,0.289336,0.201769,0.272488,0,0,0
317,2017-07-29,14:00:01,Day,RT,US Navy fires warning shots at Iranian vessel in Persian Gulf for 2nd time in days – Tehran                                                                    ,negative,-0.672894,0.358159,0.146304,0.42712,0.148173,0.124961,0,0,0
318,2017-07-29,14:00:01,Day,RT,‘Music is languages of angels’ – conductor of Russian orchestra that awed Salzburg Festival (VIDEO)                                                                    ,neutral,0.0,0.075293,0.291836,0.010997,0.04965,0.482985,0,0,0
319,2017-07-29,14:00:01,Day,WT,Trump names DHS Secretary Kelly as White House chief of staff; Priebus out,neutral,0.0,0.240234,0.172813,0.227384,0.2958,0.106148,0,1,0
320,2017-07-29,14:00:01,Day,WT,Congress wins oversight battle with Trump; White House promises answers to all members,neutral,0.0,0.281774,0.173187,0.269252,0.157183,0.278015,0,1,0
321,2017-07-29,14:00:01,Day,WT,"Trump prods Congress to join fight against MS-13, illegal immigration",negative,-0.415875,0.176883,0.160811,0.534242,0.304975,0.04049,0,1,0
322,2017-07-29,14:00:01,Day,WT,Joe Manchin received donations from law firm pushing for gun control,negative,-0.438564,0.249224,0.151285,0.295933,0.270006,0.046502,0,0,0
323,2017-07-29,14:00:01,Day,WT,‘The Mooch’ stops talking after profanity-laced tirade: ‘Better not to comment’,negative,-0.520675,0.233747,0.153624,0.441684,0.138753,0.054654,0,0,0
324,2017-07-29,14:00:01,Day,WT,Trump on the road again for West Virginia rally,neutral,0.0,0.264114,0.269127,0.175405,0.150737,0.132809,0,1,0
325,2017-07-29,14:00:01,Day,WT,"Senate Democrats call for reset, quick fixes on health care",neutral,0.0,0.498399,0.017827,0.200803,0.101445,0.065427,0,0,0
326,2017-07-29,14:00:01,Day,WT,Trump makes fundraising pitch: ‘Washington status quo HATES what we’re doing’,negative,-0.901454,0.075166,0.112874,0.458862,0.37521,0.100358,0,1,0
327,2017-07-29,14:00:01,Day,WT,House Republicans slam Senate after health care vote,neutral,0.0,0.151428,0.040615,0.298624,0.298419,0.382719,0,0,0
328,2017-07-29,14:00:01,Day,WT,Tim Kaine pushes public option in next round of health care talks,neutral,0.0,0.358589,0.075088,0.132638,0.068575,0.39143,0,0,0
329,2017-07-29,14:00:01,Day,WT,Trump pushes Republicans to change rules for simple majority,neutral,0.0,0.352502,0.011351,0.140277,0.447281,0.185232,0,1,0
330,2017-07-29,14:00:01,Day,WT,Trump’s Treasury nixes struggling Obama-era government-run retirement program,negative,-0.309818,0.594835,0.147279,0.184975,0.157422,0.040747,0,1,0
331,2017-07-29,14:00:01,Day,WT,"Ronna McDaniel, RNC head: ‘Tough day,’ but Republicans did fight for the American people",negative,-0.314218,0.558266,0.052541,0.270804,0.403327,0.022175,0,0,0
332,2017-07-29,14:00:01,Day,WT,"Ben Cardin says Senate is still in session, can debate new health care ideas",positive,0.599895,0.272516,0.092824,0.16265,0.129788,0.478528,0,0,0
333,2017-07-29,14:00:01,Day,WT,Jeff Merkley: Democrats gasped when John McCain voted no on health care bill,neutral,0.0,0.298209,0.018362,0.215734,0.416094,0.02873,0,0,0
334,2017-07-29,14:00:01,Day,CBC,What the Supreme Court rulings mean for pipeline proponents (it could be good news),neutral,0.0,0.09062,0.091678,0.037442,0.205669,0.440821,0,0,0
335,2017-07-29,14:00:01,Day,CBC,Dozens of MPs could pay higher taxes after finance minister moves to close loophole,neutral,0.0,0.242979,0.079068,0.059734,0.173346,0.067561,0,0,0
336,2017-07-29,14:00:01,Day,CBC,"$1 billion, 18 bullets: Border guards rarely fire guns over last decade",negative,-0.590445,0.670109,0.315614,0.1274,0.075494,0.074848,0,0,0
337,2017-07-29,14:00:01,Day,CBC,"The AFN meetings are over, now where does the work begin?",negative,-0.324746,0.185833,0.118377,0.132383,0.001622,0.46934,0,0,0
338,2017-07-29,14:00:01,Day,CBC,"'Dithering' by B.C., Ottawa helped kill Pacific NorthWest LNG, energy CEO says",negative,-0.707839,0.305804,0.28984,0.309055,0.05445,0.157581,0,0,0
339,2017-07-29,14:00:01,Day,CBC,"Canada's longest-standing First Nations boil water advisory will end in 2018, Liberals say",neutral,0.0,0.26238,0.018706,0.40637,0.503227,0.076425,0,0,0
340,2017-07-29,14:00:01,Day,CBC,"Lender risk sharing could exacerbate a housing downturn, fed draft report says",negative,-0.878113,0.525597,0.169025,0.167858,0.05449,0.081532,0,0,0
341,2017-07-29,14:00:01,Day,CBC,"B.C. premier says Canada-U.S. close to deal on softwood, but negotiations intense",neutral,0.0,0.410023,0.136086,0.229116,0.081655,0.126264,0,0,0
342,2017-07-29,14:00:01,Day,CBC,Federal gov't announces plan to protect caribou after legal action taken,negative,-0.565667,0.226156,0.033177,0.085871,0.25607,0.146879,0,0,0
343,2017-07-29,14:00:01,Day,CBC,Red Cross to monitor Canada's immigration detention centres,negative,-0.602486,0.052799,0.124244,0.079311,0.074411,0.181073,0,0,0
344,2017-07-29,14:00:01,Day,CBC,"Time for fighting has passed, Trudeau says ahead of meeting with Manitoba premier",positive,0.501106,0.268979,0.018683,0.054316,0.018237,0.414349,0,0,1
345,2017-07-29,14:00:01,Day,CBC,First Nations leaders reject call for MMIWG commissioners to step down,negative,-0.699046,0.498318,0.060376,0.275776,0.278616,0.045738,0,0,0
346,2017-07-29,14:00:01,Day,CBC,MMIWG inquiry now reviewing conduct of police officers,neutral,0.0,0.175322,0.141516,0.251504,0.358473,0.058857,0,0,0
347,2017-07-29,14:00:01,Day,CBC,DND brass worried as military cops unable to enforce provincial mental health laws,negative,-0.491408,0.451204,0.658802,0.080817,0.071044,0.005592,0,0,0
348,2017-07-29,14:00:01,Day,CBC,The Pollcast: Lessons from when the right united in federal politics,neutral,0.0,0.398893,0.046994,0.092437,0.086913,0.196057,0,0,0
349,2017-07-29,14:00:01,Day,CBC,U.S. Republican leaders announce end of border tax proposal,neutral,0.0,0.131893,0.030311,0.084286,0.569224,0.319003,0,0,0
350,2017-07-30,14:00:01,Day,RT,"‘Ready to use force’: US supersonic bombers, Japan & S. Korea fighters fly over Korean Peninsula                                                                     ",neutral,0.0,0.165102,0.354362,0.108196,0.036977,0.152789,0,0,0
351,2017-07-30,14:00:01,Day,RT,Journalist working with RT Arabic killed in Homs province of Syria during ISIS shelling                                                                    ,negative,-0.335457,0.480674,0.111148,0.183535,0.503621,0.031448,0,0,0
352,2017-07-30,14:00:01,Day,RT,US ‘successfully’ tests THAAD by launching ballistic missile over Pacific                                                                    ,neutral,0.0,0.226348,0.096322,0.021394,0.073098,0.278853,0,0,0
353,2017-07-30,14:00:01,Day,RT,"Bolivian president calls US ‘threat to international law, UN’ over ‘unilateral’ Russia sanctions                                                                      ",neutral,0.0,0.143533,0.644217,0.214762,0.13964,0.010458,0,0,0
354,2017-07-30,14:00:01,Day,RT,At least 1 person killed and three injured in nightclub shooting in Germany – police                                                                    ,negative,-0.62284,0.565211,0.264003,0.234082,0.307062,0.005516,0,0,0
355,2017-07-30,14:00:01,Day,WT,Democratic Senator: ‘Political action’ can cure all sadness,negative,-0.33224,0.73919,0.016658,0.07914,0.125664,0.027799,0,0,0
356,2017-07-30,14:00:01,Day,WT,"Trump warns of ending health-care ‘bailouts’ for Congress, pushes Senate for majority rule",neutral,0.0,0.493147,0.127036,0.408543,0.208493,0.049994,0,1,0
357,2017-07-30,14:00:01,Day,WT,Trump names DHS Secretary Kelly as White House chief of staff; Priebus out,neutral,0.0,0.240234,0.172813,0.227384,0.2958,0.106148,0,1,0
358,2017-07-30,14:00:01,Day,WT,Congress wins oversight battle with Trump; White House promises answers to all members,neutral,0.0,0.281774,0.173187,0.269252,0.157183,0.278015,0,1,0
359,2017-07-30,14:00:01,Day,WT,"Trump prods Congress to join fight against MS-13, illegal immigration",negative,-0.415875,0.176883,0.160811,0.534242,0.304975,0.04049,0,1,0
360,2017-07-30,14:00:01,Day,WT,Joe Manchin received donations from law firm pushing for gun control,negative,-0.438564,0.249224,0.151285,0.295933,0.270006,0.046502,0,0,0
361,2017-07-30,14:00:01,Day,WT,‘The Mooch’ stops talking after profanity-laced tirade: ‘Better not to comment’,negative,-0.520675,0.233747,0.153624,0.441684,0.138753,0.054654,0,0,0
362,2017-07-30,14:00:01,Day,WT,Trump on the road again for West Virginia rally,neutral,0.0,0.264114,0.269127,0.175405,0.150737,0.132809,0,1,0
363,2017-07-30,14:00:01,Day,WT,"Senate Democrats call for reset, quick fixes on health care",neutral,0.0,0.498399,0.017827,0.200803,0.101445,0.065427,0,0,0
364,2017-07-30,14:00:01,Day,WT,Trump makes fundraising pitch: ‘Washington status quo HATES what we’re doing’,negative,-0.901454,0.075166,0.112874,0.458862,0.37521,0.100358,0,1,0
365,2017-07-30,14:00:01,Day,WT,House Republicans slam Senate after health care vote,neutral,0.0,0.151428,0.040615,0.298624,0.298419,0.382719,0,0,0
366,2017-07-30,14:00:01,Day,WT,Tim Kaine pushes public option in next round of health care talks,neutral,0.0,0.358589,0.075088,0.132638,0.068575,0.39143,0,0,0
367,2017-07-30,14:00:01,Day,WT,Trump pushes Republicans to change rules for simple majority,neutral,0.0,0.352502,0.011351,0.140277,0.447281,0.185232,0,1,0
368,2017-07-30,14:00:01,Day,WT,Trump’s Treasury nixes struggling Obama-era government-run retirement program,negative,-0.309818,0.594835,0.147279,0.184975,0.157422,0.040747,0,1,0
369,2017-07-30,14:00:01,Day,WT,"Ronna McDaniel, RNC head: ‘Tough day,’ but Republicans did fight for the American people",negative,-0.314218,0.558266,0.052541,0.270804,0.403327,0.022175,0,0,0
370,2017-07-30,14:00:01,Day,CBC,Trudeau urges Canadians to donate to the Red Cross at B.C. wildfire fundraiser,neutral,0.0,0.085009,0.158048,0.090016,0.204525,0.264754,0,0,1
371,2017-07-30,14:00:01,Day,CBC,Omnitrax must repair Churchill rail line: Justin Trudeau,neutral,0.0,0.180299,0.060687,0.215334,0.196285,0.076985,0,0,1
372,2017-07-30,14:00:01,Day,CBC,Ottawa ready to review Saudi arms deals amid crackdown,negative,-0.670038,0.084464,0.186396,0.059366,0.044528,0.342573,0,0,0
373,2017-07-30,14:00:01,Day,CBC,"Christy Clark, a polarizing premier, leaves the political arena with an uncertain legacy",negative,-0.331435,0.48954,0.074548,0.177246,0.147871,0.0631,0,0,0
374,2017-07-30,14:00:01,Day,CBC,"Warship design competition on track, Public Works officials say",neutral,0.0,0.078096,0.22056,0.246226,0.196566,0.376823,0,0,0
375,2017-07-30,14:00:01,Day,CBC,Christy Clark resigns as leader of B.C. Liberal Party,neutral,0.0,0.056883,0.163851,0.407384,0.571819,0.062373,0,0,0
376,2017-07-30,14:00:01,Day,CBC,What the Supreme Court rulings mean for pipeline proponents (it could be good news),neutral,0.0,0.09062,0.091678,0.037442,0.205669,0.440821,0,0,0
377,2017-07-30,14:00:01,Day,CBC,Dozens of MPs could pay higher taxes after finance minister moves to close loophole,neutral,0.0,0.242979,0.079068,0.059734,0.173346,0.067561,0,0,0
378,2017-07-30,14:00:01,Day,CBC,"$1 billion, 18 bullets: Border guards rarely fire guns over last decade",negative,-0.590445,0.670109,0.315614,0.1274,0.075494,0.074848,0,0,0
379,2017-07-30,14:00:01,Day,CBC,"The AFN meetings are over, now where does the work begin?",negative,-0.324746,0.185833,0.118377,0.132383,0.001622,0.46934,0,0,0
380,2017-07-30,14:00:01,Day,CBC,"'Dithering' by B.C., Ottawa helped kill Pacific NorthWest LNG, energy CEO says",negative,-0.707839,0.305804,0.28984,0.309055,0.05445,0.157581,0,0,0
381,2017-07-30,14:00:01,Day,CBC,"Canada's longest-standing First Nations boil water advisory will end in 2018, Liberals say",neutral,0.0,0.26238,0.018706,0.40637,0.503227,0.076425,0,0,0
382,2017-07-30,14:00:01,Day,CBC,"Lender risk sharing could exacerbate a housing downturn, fed draft report says",negative,-0.878113,0.525597,0.169025,0.167858,0.05449,0.081532,0,0,0
383,2017-07-30,14:00:01,Day,CBC,"B.C. premier says Canada-U.S. close to deal on softwood, but negotiations intense",neutral,0.0,0.410023,0.136086,0.229116,0.081655,0.126264,0,0,0
384,2017-07-30,14:00:01,Day,CBC,Federal gov't announces plan to protect caribou after legal action taken,negative,-0.565667,0.226156,0.033177,0.085871,0.25607,0.146879,0,0,0
385,2017-07-30,14:00:01,Day,CBC,Red Cross to monitor Canada's immigration detention centres,negative,-0.602486,0.052799,0.124244,0.079311,0.074411,0.181073,0,0,0
386,2017-07-31,14:00:01,Day,RT,"S. Korea, US in talks to resume THAAD units deployment after Pyongyang missile launch                                                                    ",neutral,0.0,0.095957,0.219365,0.021043,0.025951,0.0959,0,0,0
387,2017-07-31,14:00:01,Day,RT,"WikiLeaks releases 21,000 ‘verified’ Macron campaign emails                                                                    ",neutral,0.0,0.169782,0.061619,0.029423,0.19467,0.13679,0,0,0
388,2017-07-31,14:00:01,Day,RT,Time for talk on North Korea ‘over’ – US envoy to UN                                                                    ,neutral,0.0,0.391723,0.285073,0.148553,0.098468,0.105086,0,0,0
389,2017-07-31,14:00:01,Day,RT,‘Declaration of war:’ Hajj controversy widens row between Saudi Arabia & Qatar                                                                     ,neutral,0.0,0.207661,0.117507,0.180887,0.123996,0.119799,0,0,0
390,2017-07-31,14:00:01,Day,RT,Berlin calls for retaliation against 'illegal' US sanctions on Russia                                                                    ,negative,-0.864052,0.224785,0.067049,0.310364,0.19559,0.043862,0,0,0
391,2017-07-31,14:00:01,Day,WT,"Trump denies White House chaos in a tweet: ‘Highest Stock Market EVER, best economic numbers’",neutral,0.0,0.121254,0.069513,0.285606,0.084191,0.493638,0,1,0
392,2017-07-31,14:00:01,Day,WT,White House: Admin will watch court battle on health insurance subsidies from sidelines,negative,-0.562358,0.157321,0.289098,0.219653,0.038205,0.251514,0,0,0
393,2017-07-31,14:00:01,Day,WT,Marsha Blackburn: Senate needs to ‘show some spine’ on health insurance bill ,neutral,0.0,0.080272,0.114066,0.115981,0.078489,0.053852,0,0,0
394,2017-07-31,14:00:01,Day,WT,Ron DeSantis says endings subsidies would force lawmakers to act on Obamacare,negative,-0.683053,0.426468,0.389862,0.334658,0.137684,0.031492,0,0,0
395,2017-07-31,14:00:01,Day,WT,"‘No drama’ Kelly joins White House in effort to control chaos, infighting, leaks",negative,-0.880159,0.093215,0.385907,0.347389,0.07872,0.304283,0,0,0
396,2017-07-31,14:00:01,Day,WT,House Minority Leader Nancy Pelosi: ‘Very confident’ about support I have in my caucus,positive,0.650333,0.089304,0.179666,0.06987,0.222421,0.36999,0,0,0
397,2017-07-31,14:00:01,Day,WT,Trump to award first Medal of Honor to Vietnam Army medic,neutral,0.0,0.104634,0.059288,0.072007,0.232648,0.549521,0,1,0
398,2017-07-31,14:00:01,Day,WT,"Republicans move to tax reform, but fight feared similar to Obamacare repeal",negative,-0.732511,0.089521,0.675684,0.11553,0.364539,0.015028,0,0,0
399,2017-07-31,14:00:01,Day,WT,Official assures Congress that administration oversight tradition will stay,neutral,0.0,0.138777,0.087441,0.191092,0.265816,0.188937,0,0,0
400,2017-07-31,14:00:01,Day,WT,Trump administration suggests ending enforcement of Obamacare’s individual mandate,neutral,0.0,0.080442,0.136039,0.148639,0.186514,0.115693,0,1,0
401,2017-07-31,14:00:01,Day,WT,Activists decry latest attempt to force out the Dreamers,negative,-0.802581,0.390022,0.328422,0.157365,0.121174,0.042344,0,0,0
402,2017-07-31,14:00:01,Day,WT,Kellyanne Conway says President Trump will decide ‘this week’ whether to cut off insurance payments,neutral,0.0,0.175043,0.061715,0.35381,0.03754,0.158806,0,1,0
403,2017-07-31,14:00:01,Day,WT,Michael Savage recommends ‘The Ten Commandments of Trump’,neutral,0.0,0.058514,0.020319,0.063275,0.143491,0.208396,0,1,0
404,2017-07-31,14:00:01,Day,WT,Corey Lewandowski: John Kelly should not try to ‘change Donald Trump’,neutral,0.0,0.150748,0.049706,0.071957,0.092824,0.162763,0,1,0
405,2017-07-31,14:00:01,Day,WT,National Fraternal Order of Police president defends Trump’s arrestee comments,neutral,0.0,0.152707,0.027821,0.282281,0.734316,0.032607,0,1,0
406,2017-07-31,14:00:01,Day,CBC,Why the Bloc Québécois's future could look like Quebec's Créditiste past,neutral,0.0,0.274031,0.164875,0.044912,0.054405,0.224819,0,0,0
407,2017-07-31,14:00:01,Day,CBC,Liberalizing cross-border online sales is one NAFTA request to which Canada should yield: Neil Macdonald,neutral,0.0,0.163832,0.205663,0.037294,0.021231,0.212605,0,0,0
408,2017-07-31,14:00:01,Day,CBC,Carolyn Bennett 'agrees with' MMIWG inquiry reset request,neutral,0.0,0.074791,0.016101,0.071011,0.069113,0.19543,0,0,0
409,2017-07-31,14:00:01,Day,CBC,"Jason Kenney launches UCP leadership campaign with criticism of PM, Alberta NDP",neutral,0.0,0.308907,0.209285,0.021295,0.209841,0.148531,0,0,0
410,2017-07-31,14:00:01,Day,CBC,Trudeau urges Canadians to donate to the Red Cross at B.C. wildfire fundraiser,neutral,0.0,0.085009,0.158048,0.090016,0.204525,0.264754,0,0,1
411,2017-07-31,14:00:01,Day,CBC,Omnitrax must repair Churchill rail line: Justin Trudeau,neutral,0.0,0.180299,0.060687,0.215334,0.196285,0.076985,0,0,1
412,2017-07-31,14:00:01,Day,CBC,Ottawa ready to review Saudi arms deals amid crackdown,negative,-0.670038,0.084464,0.186396,0.059366,0.044528,0.342573,0,0,0
413,2017-07-31,14:00:01,Day,CBC,"Christy Clark, a polarizing premier, leaves the political arena with an uncertain legacy",negative,-0.331435,0.48954,0.074548,0.177246,0.147871,0.0631,0,0,0
414,2017-07-31,14:00:01,Day,CBC,"Warship design competition on track, Public Works officials say",neutral,0.0,0.078096,0.22056,0.246226,0.196566,0.376823,0,0,0
415,2017-07-31,14:00:01,Day,CBC,Christy Clark resigns as leader of B.C. Liberal Party,neutral,0.0,0.056883,0.163851,0.407384,0.571819,0.062373,0,0,0
416,2017-07-31,14:00:01,Day,CBC,What the Supreme Court rulings mean for pipeline proponents (it could be good news),neutral,0.0,0.09062,0.091678,0.037442,0.205669,0.440821,0,0,0
417,2017-07-31,14:00:01,Day,CBC,Dozens of MPs could pay higher taxes after finance minister moves to close loophole,neutral,0.0,0.242979,0.079068,0.059734,0.173346,0.067561,0,0,0
418,2017-07-31,14:00:01,Day,CBC,"$1 billion, 18 bullets: Border guards rarely fire guns over last decade",negative,-0.590445,0.670109,0.315614,0.1274,0.075494,0.074848,0,0,0
419,2017-07-31,14:00:01,Day,CBC,"The AFN meetings are over, now where does the work begin?",negative,-0.324746,0.185833,0.118377,0.132383,0.001622,0.46934,0,0,0
420,2017-07-31,14:00:01,Day,CBC,"'Dithering' by B.C., Ottawa helped kill Pacific NorthWest LNG, energy CEO says",negative,-0.707839,0.305804,0.28984,0.309055,0.05445,0.157581,0,0,0
421,2017-07-31,14:00:01,Day,CBC,"Canada's longest-standing First Nations boil water advisory will end in 2018, Liberals say",neutral,0.0,0.26238,0.018706,0.40637,0.503227,0.076425,0,0,0
